phrase;ville;template;volume;kd;cpc
tarif conciergerie airbnb paris;paris;tarif conciergerie airbnb;70;13;1.52
rentabilité airbnb paris;paris;rentabilité airbnb;30;0;1.31
tarif airbnb paris;paris;tarif airbnb;20;0;0.16
tarif conciergerie airbnb marseille;marseille;tarif conciergerie airbnb;20;0;2.48
investir airbnb montpellier;montpellier;investir airbnb;20;0;0
tarif conciergerie airbnb deauville;deauville;tarif conciergerie airbnb;20;0;0
rentabilité airbnb bordeaux;bordeaux;rentabilité airbnb;10;0;0
combien rapporte airbnb paris;paris;combien rapporte airbnb;0;0;0
tarif airbnb lyon;lyon;tarif airbnb;0;0;0
tarif conciergerie airbnb lyon;lyon;tarif conciergerie airbnb;0;0;0
investir airbnb paris;paris;investir airbnb;0;0;0
combien rapporte airbnb lyon;lyon;combien rapporte airbnb;0;0;0
airbnb paris rentable;paris;airbnb  rentable;0;0;0
estimation airbnb lyon;lyon;estimation airbnb;0;0;0
rentabilité airbnb lyon;lyon;rentabilité airbnb;0;0;0
estimation airbnb paris;paris;estimation airbnb;0;0;0
investir airbnb lyon;lyon;investir airbnb;0;0;0
airbnb lyon rentable;lyon;airbnb  rentable;0;0;0
rentabilité airbnb marseille;marseille;rentabilité airbnb;0;0;0
tarif airbnb marseille;marseille;tarif airbnb;0;0;0
combien rapporte airbnb marseille;marseille;combien rapporte airbnb;0;0;0
estimation airbnb marseille;marseille;estimation airbnb;0;0;0
investir airbnb marseille;marseille;investir airbnb;0;0;0
airbnb marseille rentable;marseille;airbnb  rentable;0;0;0
estimation airbnb bordeaux;bordeaux;estimation airbnb;0;0;0
tarif airbnb bordeaux;bordeaux;tarif airbnb;0;0;0
investir airbnb bordeaux;bordeaux;investir airbnb;0;0;0
tarif conciergerie airbnb bordeaux;bordeaux;tarif conciergerie airbnb;0;0;0
combien rapporte airbnb bordeaux;bordeaux;combien rapporte airbnb;0;0;0
rentabilité airbnb toulouse;toulouse;rentabilité airbnb;0;0;0
airbnb bordeaux rentable;bordeaux;airbnb  rentable;0;0;0
combien rapporte airbnb toulouse;toulouse;combien rapporte airbnb;0;0;0
tarif airbnb toulouse;toulouse;tarif airbnb;0;0;0
estimation airbnb toulouse;toulouse;estimation airbnb;0;0;0
airbnb toulouse rentable;toulouse;airbnb  rentable;0;0;0
tarif conciergerie airbnb toulouse;toulouse;tarif conciergerie airbnb;0;0;0
tarif airbnb nice;nice;tarif airbnb;0;0;0
investir airbnb toulouse;toulouse;investir airbnb;0;0;0
rentabilité airbnb nice;nice;rentabilité airbnb;0;0;0
estimation airbnb nice;nice;estimation airbnb;0;0;0
tarif airbnb nantes;nantes;tarif airbnb;0;0;0
tarif conciergerie airbnb nice;nice;tarif conciergerie airbnb;0;0;0
combien rapporte airbnb nantes;nantes;combien rapporte airbnb;0;0;0
combien rapporte airbnb nice;nice;combien rapporte airbnb;0;0;0
investir airbnb nantes;nantes;investir airbnb;0;0;0
investir airbnb nice;nice;investir airbnb;0;0;0
airbnb nantes rentable;nantes;airbnb  rentable;0;0;0
airbnb nice rentable;nice;airbnb  rentable;0;0;0
rentabilité airbnb nantes;nantes;rentabilité airbnb;0;0;0
tarif airbnb strasbourg;strasbourg;tarif airbnb;0;0;0
tarif conciergerie airbnb strasbourg;strasbourg;tarif conciergerie airbnb;0;0;0
tarif conciergerie airbnb nantes;nantes;tarif conciergerie airbnb;0;0;0
estimation airbnb nantes;nantes;estimation airbnb;0;0;0
estimation airbnb strasbourg;strasbourg;estimation airbnb;0;0;0
rentabilité airbnb strasbourg;strasbourg;rentabilité airbnb;0;0;0
tarif conciergerie airbnb montpellier;montpellier;tarif conciergerie airbnb;0;0;0
combien rapporte airbnb strasbourg;strasbourg;combien rapporte airbnb;0;0;0
combien rapporte airbnb montpellier;montpellier;combien rapporte airbnb;0;0;0
investir airbnb strasbourg;strasbourg;investir airbnb;0;0;0
estimation airbnb montpellier;montpellier;estimation airbnb;0;0;0
airbnb strasbourg rentable;strasbourg;airbnb  rentable;0;0;0
rentabilité airbnb montpellier;montpellier;rentabilité airbnb;0;0;0
rentabilité airbnb lille;lille;rentabilité airbnb;0;0;0
tarif airbnb montpellier;montpellier;tarif airbnb;0;0;0
tarif airbnb lille;lille;tarif airbnb;0;0;0
airbnb montpellier rentable;montpellier;airbnb  rentable;0;0;0
estimation airbnb lille;lille;estimation airbnb;0;0;0
tarif conciergerie airbnb lille;lille;tarif conciergerie airbnb;0;0;0
investir airbnb lille;lille;investir airbnb;0;0;0
combien rapporte airbnb lille;lille;combien rapporte airbnb;0;0;0
tarif conciergerie airbnb rennes;rennes;tarif conciergerie airbnb;0;0;0
airbnb lille rentable;lille;airbnb  rentable;0;0;0
combien rapporte airbnb rennes;rennes;combien rapporte airbnb;0;0;0
rentabilité airbnb rennes;rennes;rentabilité airbnb;0;0;0
estimation airbnb rennes;rennes;estimation airbnb;0;0;0
tarif airbnb rennes;rennes;tarif airbnb;0;0;0
investir airbnb rennes;rennes;investir airbnb;0;0;0
rentabilité airbnb cannes;cannes;rentabilité airbnb;0;0;0
airbnb rennes rentable;rennes;airbnb  rentable;0;0;0
tarif conciergerie airbnb cannes;cannes;tarif conciergerie airbnb;0;0;0
tarif airbnb cannes;cannes;tarif airbnb;0;0;0
combien rapporte airbnb cannes;cannes;combien rapporte airbnb;0;0;0
estimation airbnb cannes;cannes;estimation airbnb;0;0;0
investir airbnb cannes;cannes;investir airbnb;0;0;0
airbnb cannes rentable;cannes;airbnb  rentable;0;0;0
tarif airbnb annecy;annecy;tarif airbnb;0;0;0
rentabilité airbnb annecy;annecy;rentabilité airbnb;0;0;0
tarif conciergerie airbnb annecy;annecy;tarif conciergerie airbnb;0;0;0
estimation airbnb annecy;annecy;estimation airbnb;0;0;0
combien rapporte airbnb annecy;annecy;combien rapporte airbnb;0;0;0
airbnb annecy rentable;annecy;airbnb  rentable;0;0;0
investir airbnb annecy;annecy;investir airbnb;0;0;0
combien rapporte airbnb biarritz;biarritz;combien rapporte airbnb;0;0;0
rentabilité airbnb biarritz;biarritz;rentabilité airbnb;0;0;0
estimation airbnb biarritz;biarritz;estimation airbnb;0;0;0
tarif airbnb biarritz;biarritz;tarif airbnb;0;0;0
airbnb biarritz rentable;biarritz;airbnb  rentable;0;0;0
tarif conciergerie airbnb biarritz;biarritz;tarif conciergerie airbnb;0;0;0
rentabilité airbnb la rochelle;la rochelle;rentabilité airbnb;0;0;0
investir airbnb biarritz;biarritz;investir airbnb;0;0;0
tarif airbnb la rochelle;la rochelle;tarif airbnb;0;0;0
tarif conciergerie airbnb la rochelle;la rochelle;tarif conciergerie airbnb;0;0;0
estimation airbnb la rochelle;la rochelle;estimation airbnb;0;0;0
combien rapporte airbnb la rochelle;la rochelle;combien rapporte airbnb;0;0;0
investir airbnb la rochelle;la rochelle;investir airbnb;0;0;0
rentabilité airbnb saint-malo;saint-malo;rentabilité airbnb;0;0;0
airbnb la rochelle rentable;la rochelle;airbnb  rentable;0;0;0
tarif conciergerie airbnb saint-malo;saint-malo;tarif conciergerie airbnb;0;0;0
tarif airbnb saint-malo;saint-malo;tarif airbnb;0;0;0
estimation airbnb saint-malo;saint-malo;estimation airbnb;0;0;0
combien rapporte airbnb saint-malo;saint-malo;combien rapporte airbnb;0;0;0
investir airbnb saint-malo;saint-malo;investir airbnb;0;0;0
rentabilité airbnb honfleur;honfleur;rentabilité airbnb;0;0;0
airbnb saint-malo rentable;saint-malo;airbnb  rentable;0;0;0
tarif airbnb honfleur;honfleur;tarif airbnb;0;0;0
tarif conciergerie airbnb honfleur;honfleur;tarif conciergerie airbnb;0;0;0
investir airbnb honfleur;honfleur;investir airbnb;0;0;0
tarif conciergerie airbnb aix-en-provence;aix-en-provence;tarif conciergerie airbnb;0;0;0
combien rapporte airbnb honfleur;honfleur;combien rapporte airbnb;0;0;0
estimation airbnb honfleur;honfleur;estimation airbnb;0;0;0
combien rapporte airbnb aix-en-provence;aix-en-provence;combien rapporte airbnb;0;0;0
airbnb honfleur rentable;honfleur;airbnb  rentable;0;0;0
estimation airbnb aix-en-provence;aix-en-provence;estimation airbnb;0;0;0
rentabilité airbnb aix-en-provence;aix-en-provence;rentabilité airbnb;0;0;0
rentabilité airbnb avignon;avignon;rentabilité airbnb;0;0;0
tarif airbnb aix-en-provence;aix-en-provence;tarif airbnb;0;0;0
tarif conciergerie airbnb avignon;avignon;tarif conciergerie airbnb;0;0;0
airbnb aix-en-provence rentable;aix-en-provence;airbnb  rentable;0;0;0
airbnb avignon rentable;avignon;airbnb  rentable;0;0;0
investir airbnb aix-en-provence;aix-en-provence;investir airbnb;0;0;0
rentabilité airbnb carcassonne;carcassonne;rentabilité airbnb;0;0;0
tarif airbnb avignon;avignon;tarif airbnb;0;0;0
combien rapporte airbnb carcassonne;carcassonne;combien rapporte airbnb;0;0;0
combien rapporte airbnb avignon;avignon;combien rapporte airbnb;0;0;0
investir airbnb carcassonne;carcassonne;investir airbnb;0;0;0
estimation airbnb avignon;avignon;estimation airbnb;0;0;0
rentabilité airbnb colmar;colmar;rentabilité airbnb;0;0;0
investir airbnb avignon;avignon;investir airbnb;0;0;0
tarif conciergerie airbnb colmar;colmar;tarif conciergerie airbnb;0;0;0
tarif airbnb carcassonne;carcassonne;tarif airbnb;0;0;0
estimation airbnb colmar;colmar;estimation airbnb;0;0;0
tarif conciergerie airbnb carcassonne;carcassonne;tarif conciergerie airbnb;0;0;0
investir airbnb colmar;colmar;investir airbnb;0;0;0
estimation airbnb carcassonne;carcassonne;estimation airbnb;0;0;0
airbnb colmar rentable;colmar;airbnb  rentable;0;0;0
airbnb carcassonne rentable;carcassonne;airbnb  rentable;0;0;0
tarif airbnb sarlat;sarlat;tarif airbnb;0;0;0
tarif airbnb colmar;colmar;tarif airbnb;0;0;0
airbnb sarlat rentable;sarlat;airbnb  rentable;0;0;0
combien rapporte airbnb colmar;colmar;combien rapporte airbnb;0;0;0
rentabilité airbnb sarlat;sarlat;rentabilité airbnb;0;0;0
tarif airbnb chamonix;chamonix;tarif airbnb;0;0;0
tarif conciergerie airbnb sarlat;sarlat;tarif conciergerie airbnb;0;0;0
combien rapporte airbnb sarlat;sarlat;combien rapporte airbnb;0;0;0
estimation airbnb sarlat;sarlat;estimation airbnb;0;0;0
airbnb chamonix rentable;chamonix;airbnb  rentable;0;0;0
investir airbnb sarlat;sarlat;investir airbnb;0;0;0
rentabilité airbnb megeve;megeve;rentabilité airbnb;0;0;0
rentabilité airbnb chamonix;chamonix;rentabilité airbnb;0;0;0
tarif airbnb megeve;megeve;tarif airbnb;0;0;0
tarif conciergerie airbnb chamonix;chamonix;tarif conciergerie airbnb;0;0;0
tarif conciergerie airbnb megeve;megeve;tarif conciergerie airbnb;0;0;0
combien rapporte airbnb chamonix;chamonix;combien rapporte airbnb;0;0;0
combien rapporte airbnb megeve;megeve;combien rapporte airbnb;0;0;0
estimation airbnb chamonix;chamonix;estimation airbnb;0;0;0
rentabilité airbnb deauville;deauville;rentabilité airbnb;0;0;0
investir airbnb chamonix;chamonix;investir airbnb;0;0;0
tarif airbnb deauville;deauville;tarif airbnb;0;0;0
estimation airbnb megeve;megeve;estimation airbnb;0;0;0
investir airbnb megeve;megeve;investir airbnb;0;0;0
combien rapporte airbnb deauville;deauville;combien rapporte airbnb;0;0;0
airbnb megeve rentable;megeve;airbnb  rentable;0;0;0
combien rapporte airbnb saint-tropez;saint-tropez;combien rapporte airbnb;0;0;0
estimation airbnb deauville;deauville;estimation airbnb;0;0;0
investir airbnb deauville;deauville;investir airbnb;0;0;0
estimation airbnb saint-tropez;saint-tropez;estimation airbnb;0;0;0
investir airbnb saint-tropez;saint-tropez;investir airbnb;0;0;0
airbnb deauville rentable;deauville;airbnb  rentable;0;0;0
airbnb saint-tropez rentable;saint-tropez;airbnb  rentable;0;0;0
rentabilité airbnb saint-tropez;saint-tropez;rentabilité airbnb;0;0;0
rentabilité airbnb antibes;antibes;rentabilité airbnb;0;0;0
tarif airbnb saint-tropez;saint-tropez;tarif airbnb;0;0;0
tarif airbnb antibes;antibes;tarif airbnb;0;0;0
tarif conciergerie airbnb saint-tropez;saint-tropez;tarif conciergerie airbnb;0;0;0
tarif conciergerie airbnb antibes;antibes;tarif conciergerie airbnb;0;0;0
estimation airbnb antibes;antibes;estimation airbnb;0;0;0
combien rapporte airbnb antibes;antibes;combien rapporte airbnb;0;0;0
tarif airbnb bayonne;bayonne;tarif airbnb;0;0;0
investir airbnb antibes;antibes;investir airbnb;0;0;0
combien rapporte airbnb bayonne;bayonne;combien rapporte airbnb;0;0;0
airbnb antibes rentable;antibes;airbnb  rentable;0;0;0
estimation airbnb bayonne;bayonne;estimation airbnb;0;0;0
rentabilité airbnb bayonne;bayonne;rentabilité airbnb;0;0;0
investir airbnb bayonne;bayonne;investir airbnb;0;0;0
tarif conciergerie airbnb bayonne;bayonne;tarif conciergerie airbnb;0;0;0
airbnb bayonne rentable;bayonne;airbnb  rentable;0;0;0
combien rapporte airbnb saint-jean-de-luz;saint-jean-de-luz;combien rapporte airbnb;0;0;0
rentabilité airbnb saint-jean-de-luz;saint-jean-de-luz;rentabilité airbnb;0;0;0
tarif airbnb saint-jean-de-luz;saint-jean-de-luz;tarif airbnb;0;0;0
rentabilité airbnb ajaccio;ajaccio;rentabilité airbnb;0;0;0
tarif conciergerie airbnb saint-jean-de-luz;saint-jean-de-luz;tarif conciergerie airbnb;0;0;0
tarif airbnb ajaccio;ajaccio;tarif airbnb;0;0;0
estimation airbnb saint-jean-de-luz;saint-jean-de-luz;estimation airbnb;0;0;0
tarif conciergerie airbnb ajaccio;ajaccio;tarif conciergerie airbnb;0;0;0
investir airbnb saint-jean-de-luz;saint-jean-de-luz;investir airbnb;0;0;0
estimation airbnb ajaccio;ajaccio;estimation airbnb;0;0;0
airbnb saint-jean-de-luz rentable;saint-jean-de-luz;airbnb  rentable;0;0;0
combien rapporte airbnb ajaccio;ajaccio;combien rapporte airbnb;0;0;0
investir airbnb ajaccio;ajaccio;investir airbnb;0;0;0
airbnb ajaccio rentable;ajaccio;airbnb  rentable;0;0;0